,dmq_cope_2,dmq_cope_4,geschlecht_kod_male,dmq_cope_1,dmq_cope_3,dmq_cope_5,upps_ss_2,upps_ur_5,upps_ur_2,upps_ss_4,ffmq_ds1,ffmq_ob3,ffmq_ob1,ffmq_ob2,ffmq_nr2,upps_ss_3,ffmq_nj4,upps_ur_1,upps_pe_1,ffmq_ob4,ffmq_nr4,ffmq_nj3,upps_ur_4,upps_pe_5,upps_pm_1,upps_pm_4,ffmq_ds4,upps_pm_5,ffmq_nr6,upps_pm_2,erwerbstaetig_sub,upps_ur_3,ffmq_aa3,ffmq_ds2,upps_ss_5,ffmq_aa2,ffmq_aa1,ffmq_nj1,upps_pm_3,upps_pe_3,upps_ss_1,upps_pe_4,ffmq_nr5,ffmq_nr1,ffmq_nr3,ffmq_ds3,ffmq_aa4,ffmq_nr7,ffmq_nj2,upps_pe_2
0,0.004677272881000061,0.006916181481081085,0.04245516969280616,0.02020310971785555,0.028243322031210605,0.03647652121051281,0.21251733860869648,0.18049664388197417,0.11783199759175322,0.43531588255296416,0.5148107810288121,0.5303717290135862,0.3499332565970794,0.6354647620851732,0.5404340287625864,0.6239294852292558,0.7033417004217121,0.5459973614778879,0.6876577565237081,0.7050435679581928,0.6687495465831546,0.6510230414251901,0.739828409923506,0.7796583802294643,0.7414317881255352,0.5725497300482454,0.730445066372195,0.6388474402163584,0.8074899954754573,0.7154097107028126,0.8448714040491621,0.786199101774026,0.7326763682900371,0.7598750331933473,0.8554939121367935,0.7558981702742791,0.8013468664077692,0.8271454680954123,0.6864351547568674,0.8023701069173517,0.8510823357487073,0.8101315016008698,0.7903131473967848,0.8516249104106736,0.8475208085234247,0.8400205549453411,0.8418867462765629,0.8540910662173126,0.8515034862705274,0.8389545891694925
