,dmq_cope_2,dmq_cope_4,geschlecht_kod_male,dmq_cope_1,upps_ur_5,dmq_cope_5,dmq_cope_3,upps_ss_2,upps_ur_2,ffmq_ob1,ffmq_ob2,ffmq_ds1,ffmq_nr2,ffmq_ob3,upps_ss_4,ffmq_nj4,ffmq_nr4,ffmq_ds4,upps_ss_3,upps_pm_4,ffmq_nj3,ffmq_nj1,ffmq_ob4,upps_pe_5,ffmq_nr6,ffmq_aa3,upps_pe_1,upps_pm_2,upps_ur_3,upps_pm_1,ffmq_aa2,upps_ur_4,upps_pm_5,ffmq_nr3,ffmq_nr7,upps_pe_2,ffmq_ds3,upps_pe_4,erwerbstaetig_sub,ffmq_ds2,ffmq_nr5,ffmq_aa1,ffmq_nj2,upps_ur_1,upps_ss_5,ffmq_aa4,ffmq_nr1,upps_pm_3,upps_pe_3,upps_ss_1
0,1.6009779679748704e-07,1.855026760388956e-05,0.026447892135686657,0.07689967320167723,0.18337192307949635,0.2070137392207727,0.4310076981104677,0.3460199130992294,0.3875673258005007,0.12618643187941636,0.09420087090158813,0.1314668464521549,0.4882050668880139,0.621648348959295,0.38071165718569533,0.3837977467049458,0.3201395665728264,0.37368352607601385,0.6831057531389613,0.6281806646826686,0.5589496630026556,0.6766964971001382,0.6467856935514387,0.5140799678839943,0.5133297895443679,0.48685305968987824,0.6898317710673404,0.5309900961371741,0.41259399650934947,0.5106526697417397,0.5304844817504377,0.6557499820024955,0.7371026292044436,0.5871244823969796,0.5179023310445895,0.4337020850649129,0.5148589828389276,0.7241691589254227,0.7454880866631508,0.4029125769745643,0.5401732461071003,0.5748840685777947,0.581639918604225,0.7251459033349313,0.5231477671244075,0.47385249611348645,0.7409917350573049,0.5849303461001262,0.715136160185774,0.5469064904937821
