,dmq_cope_2,dmq_cope_4,geschlecht_kod_male,dmq_cope_1,dmq_cope_5,upps_ss_2,dmq_cope_3,upps_ss_4,upps_ur_5,upps_ur_2,upps_ss_3,upps_pe_5,ffmq_ob3,ffmq_ob2,ffmq_ob1,ffmq_nr2,upps_pm_2,ffmq_ds1,ffmq_ob4,upps_pm_1,upps_pe_1,upps_ss_5,upps_pm_4,ffmq_nj3,upps_pm_3,upps_pm_5,ffmq_aa3,ffmq_ds2,upps_ur_1,ffmq_nj4,ffmq_aa2,ffmq_ds4,upps_ur_4,upps_pe_4,ffmq_nj1,ffmq_nr4,ffmq_nr6,upps_ur_3,upps_pe_3,ffmq_nr7,erwerbstaetig_sub,ffmq_nr3,ffmq_nr5,ffmq_ds3,ffmq_nj2,ffmq_aa1,upps_ss_1,ffmq_nr1,ffmq_aa4,upps_pe_2
0,1.1102230246251565e-16,1.318944953254686e-13,1.2728941657047521e-05,2.7070327313083453e-07,0.0002224444316517582,0.001610160882986933,0.00010537760242701477,0.011013392885598106,0.009293586522474695,0.0033574210068756383,0.18618708518690674,0.6086207403592688,0.4215179245434745,0.507805499380414,0.4038790765455542,0.592767947818867,0.7134182931883775,0.6754446871566007,0.7481964973862323,0.8689983010419964,0.8546823494383704,0.8541945171974469,0.7260293079135075,0.7676691301442431,0.8381309284144323,0.8487714200415776,0.8232443338066435,0.8743753629399029,0.8782594553416048,0.9074406694854701,0.8241844283142561,0.8745200129655236,0.8470084462382584,0.8602594321566644,0.9092549293217228,0.9047448316706479,0.9319439639551331,0.8675547997081257,0.8761820753485354,0.9133883697859052,0.9521430344690388,0.919146231880697,0.9624893014820413,0.9630625144777382,0.9579930013392095,0.9239881328004874,0.9444138179492024,0.9324847026107014,0.9726610125003308,0.9194843655540375
