,dmq_cope_2,dmq_cope_4,geschlecht_kod_male,dmq_cope_1,upps_ur_5,dmq_cope_3,upps_ur_2,upps_ss_2,upps_pe_5,ffmq_nj4,upps_ss_4,ffmq_ob4,upps_pm_2,ffmq_ob3,upps_pm_1,upps_ss_3,upps_pm_5,ffmq_aa2,ffmq_ob1,upps_pm_4,upps_pm_3,ffmq_ds1,upps_pe_1,upps_pe_2,upps_pe_3,upps_pe_4,upps_ss_5,dmq_cope_5,upps_ss_1,upps_ur_3,upps_ur_4,ffmq_aa1,ffmq_ds2,ffmq_nr1,ffmq_nr2,ffmq_aa3,ffmq_nj1,ffmq_aa4,ffmq_nr3,ffmq_ob2,ffmq_nr4,ffmq_nr5,ffmq_nj2,ffmq_ds3,ffmq_nr6,ffmq_nj3,ffmq_ds4,ffmq_nr7,upps_ur_1,erwerbstaetig_sub
0,0.0,2.9753977059954195e-14,0.0,6.414221154216193e-09,1.6470276540392348e-05,0.0025596379477154096,6.954133923064987e-05,5.239963992620389e-05,0.008610700338234856,0.02653254537924188,0.029158387764854243,0.9680540350252589,0.033204432933996664,0.8812733913143755,0.14419617178958466,0.15316086833622788,0.09328577624102041,0.7063349375640864,0.8459534613789552,0.22385496669111649,0.45777015573861646,0.4870460776530037,0.7057255018967538,0.7061883058905077,0.4680670599250134,0.6237265514412758,0.3781007917090594,0.1856649855915833,0.6003730231440837,0.6195474158050288,0.3586150706537058,0.35002027197975605,0.4568354787214125,0.3538167349713266,0.6335875138251484,0.4874760741827411,0.5677427121993734,0.5260897232566473,0.5537488260437516,0.7344770914251414,0.4610551472383544,0.42400287984988305,0.6068278575398656,0.6553350826566012,0.6405742878709807,0.8142427448389411,0.432378137068824,0.6045041817103838,0.5745580976970146,0.442373237469888
