,dmq_cope_2,dmq_cope_4,geschlecht_kod_male,dmq_cope_1,upps_ur_5,upps_ur_2,upps_ss_2,dmq_cope_3,ffmq_nj4,upps_ss_4,upps_pe_5,ffmq_ob4,upps_pm_2,upps_pm_3,upps_pm_4,upps_pe_1,upps_pm_5,ffmq_ds1,upps_pe_2,upps_pe_3,upps_pe_4,upps_ss_1,upps_ss_3,upps_ss_5,dmq_cope_5,upps_pm_1,upps_ur_3,upps_ur_4,ffmq_ob2,ffmq_ds2,ffmq_aa2,ffmq_nr1,ffmq_nr2,ffmq_aa3,ffmq_nj1,ffmq_ob1,ffmq_aa4,ffmq_nr3,ffmq_nr4,ffmq_aa1,ffmq_nr5,ffmq_nj2,ffmq_ob3,ffmq_ds3,ffmq_nr6,ffmq_nj3,ffmq_ds4,ffmq_nr7,upps_ur_1,erwerbstaetig_sub
0,5.8136830571875464e-08,8.327585250922365e-05,1.3673705895222987e-05,0.007797176322833388,0.04626362032021214,0.3169409947486932,0.047993516678874304,0.24485645293671843,0.07039920982402736,0.4662764833039983,0.2997846734466896,0.3970089482333712,0.606865155956585,0.5745815947968336,0.5621395368270523,0.6634903442211634,0.4183726135393795,0.4860525846884337,0.7198423527313913,0.4295066910172365,0.6835329915409117,0.4657084701625006,0.6004014538726454,0.6061487018026004,0.5530562496403746,0.615384588392667,0.6290233492288604,0.49335310129756305,0.37409740869489627,0.6284108043495005,0.44428402815264223,0.6353631280249401,0.572133310826518,0.6068121740115302,0.4661403927838431,0.418190556228502,0.4142055721202611,0.5038239592621689,0.6003621070880332,0.6072999286030857,0.4916209759970518,0.5300443195887554,0.5212877359261504,0.44135299909968806,0.3336493869141668,0.5103288015799199,0.5635632792377004,0.5264186211679432,0.4095625945801844,0.5827660479060899
