,dmq_cope_2,geschlecht_kod_male,dmq_cope_4,dmq_cope_1,upps_ur_5,dmq_cope_3,upps_ss_2,upps_ur_2,ffmq_nj4,upps_pe_5,upps_ss_4,ffmq_ob4,upps_pm_2,ffmq_ob3,upps_ss_3,upps_pm_1,upps_pm_5,ffmq_aa2,ffmq_ob1,upps_pm_4,upps_pm_3,ffmq_ds1,upps_pe_1,upps_pe_2,upps_pe_3,upps_pe_4,upps_ss_5,dmq_cope_5,upps_ss_1,upps_ur_3,upps_ur_4,ffmq_aa1,ffmq_ds2,ffmq_nr1,ffmq_nr2,ffmq_aa3,ffmq_nj1,ffmq_aa4,ffmq_nr3,ffmq_ob2,ffmq_nr4,ffmq_nr5,ffmq_nj2,ffmq_ds3,ffmq_nr6,ffmq_nj3,ffmq_ds4,ffmq_nr7,upps_ur_1,erwerbstaetig_sub
0,4.773959005888173e-15,7.882583474838611e-15,7.016609515630989e-14,4.990209467869988e-09,0.00022853458494032086,0.007717275714498428,0.0002539574512679943,0.0005347724822883926,0.05649957452686283,0.055545459418400056,0.13208870062967826,0.05841035316744314,0.1427034970133657,0.464160889780563,0.3054436375431151,0.6351897553770927,0.4983288669196224,0.6145483526524314,0.43827810755896324,0.7016780758073784,0.7400396365685328,0.8278891756482327,0.7193846539033035,0.5928875230522476,0.7338671843209745,0.8150811051043236,0.7718131739178515,0.2688755674607901,0.7090536374087494,0.8193509538426549,0.7966539174747655,0.8496008319190809,0.8692319175046088,0.7914633187065384,0.842876227945065,0.7567724864299648,0.7873102152609059,0.8266556608572893,0.8215082999838224,0.6687556374316714,0.6496776029749156,0.732177557977951,0.8555757072609634,0.8603950006552272,0.8152197905552157,0.4750413407569659,0.7921823837463057,0.796581458445702,0.719183543362962,0.8524804283777154
