,dmq_cope_2,dmq_cope_4,dmq_cope_1,geschlecht_kod_male,upps_ur_5,upps_ss_2,dmq_cope_5,upps_pe_5,upps_ur_2,upps_ss_4,dmq_cope_3,upps_ss_3,ffmq_ob3,ffmq_ob2,erwerbstaetig_sub,ffmq_aa3,ffmq_nr7,ffmq_ds1,ffmq_ds4,upps_pm_1,ffmq_nj4,ffmq_nj1,ffmq_ob4,ffmq_nr2,ffmq_nj3,ffmq_ob1,upps_pe_1,upps_ss_5,ffmq_ds3,ffmq_nj2,upps_pm_5,ffmq_nr5,ffmq_nr4,upps_ur_3,upps_pm_4,ffmq_nr3,ffmq_aa4,ffmq_nr6,ffmq_nr1,ffmq_ds2,upps_pm_2,upps_ur_4,ffmq_aa1,ffmq_aa2,upps_pm_3,upps_ss_1,upps_pe_4,upps_ur_1,upps_pe_3,upps_pe_2
0,1.6540102620865582e-12,8.451125714348251e-06,2.508040450099891e-06,2.7301285676628595e-09,0.0009655850267331623,0.0038167355226768063,0.05527975070162727,0.0945973990414164,0.12506804484557565,0.36501953854161195,0.15916051264693032,0.5234326117006113,0.32044733593465624,0.4996294531236616,0.9387374382613195,0.6171324199974332,0.5578051048158823,0.42922442230623015,0.6792060325862348,0.6253258110781263,0.6580396557949338,0.6269406130688179,0.6550896786676887,0.6382305794946908,0.5453333839698472,0.5175888274604712,0.6504960955263548,0.8496637207355547,0.8300431146296616,0.7948590314028878,0.617630373180895,0.8814638470250291,0.7208298198407252,0.7681023090122345,0.623585927782625,0.8560105890781605,0.8795935836395473,0.7878934145598759,0.8218724848941379,0.7772755204626262,0.7085029212590161,0.8167335543067311,0.7526154115796355,0.8242519642037258,0.6965276364873931,0.8137042130882031,0.7926116361695918,0.8019154562312929,0.8889386552294353,0.7645851116605408
