,dmq_cope_2,dmq_cope_4,geschlecht_kod_male,dmq_cope_1,upps_ur_5,upps_ss_2,upps_pe_5,ffmq_ob3,upps_ss_4,upps_ur_2,ffmq_ds1,ffmq_ob2,ffmq_nr7,upps_ss_3,ffmq_nj4,ffmq_ob1,dmq_cope_5,dmq_cope_3,ffmq_ds4,ffmq_nr6,upps_pm_5,upps_pe_1,ffmq_ds2,ffmq_aa2,upps_ss_5,ffmq_nr2,ffmq_aa3,ffmq_nj1,upps_ss_1,ffmq_aa4,upps_pe_4,upps_pe_3,upps_pe_2,upps_ur_1,ffmq_ob4,upps_pm_4,upps_pm_3,upps_pm_2,ffmq_nr3,ffmq_nr4,upps_ur_4,ffmq_aa1,ffmq_nr5,ffmq_nj2,ffmq_ds3,ffmq_nj3,upps_ur_3,upps_pm_1,ffmq_nr1,erwerbstaetig_sub
0,5.367326054606103e-06,0.0001671646051509823,0.0013309025625629634,0.02720855917263354,0.0444531820691223,0.35441644768110836,0.36070625901229936,0.3594834779472402,0.5063443708517764,0.48902273066562996,0.2883268652299391,0.3641020491064002,0.259482761617841,0.3888059027795778,0.4756643167299863,0.43504623620066196,0.5470415353063991,0.40182157676075725,0.6863934498909771,0.42842740880577024,0.5109228493013848,0.7687357710666922,0.5130839320245959,0.4115087865317686,0.43380369344723724,0.5581019529187552,0.5295557265862517,0.6384210600752465,0.5588341863135396,0.6638755706598382,0.6356705664877019,0.4894827851164819,0.698806458517124,0.6012059342476994,0.6117046728803816,0.5207570066107465,0.6695964227086458,0.4240304510575176,0.8028407952455785,0.5380899401762896,0.48730999993917823,0.4760845577992583,0.5994143557412794,0.557646243779074,0.5724584705500122,0.5859604946357749,0.4413186042569128,0.4438023164613826,0.5127895986792677,0.6631132680760291
