,dmq_cope_2,geschlecht_kod_male,dmq_cope_4,dmq_cope_1,upps_ur_5,upps_ss_2,upps_pe_5,upps_ur_2,upps_ss_4,ffmq_ob3,upps_ss_3,dmq_cope_5,dmq_cope_3,ffmq_ds1,ffmq_ob2,ffmq_nr7,ffmq_aa3,ffmq_ds4,upps_pm_1,ffmq_nj4,erwerbstaetig_sub,ffmq_ob1,ffmq_nr2,ffmq_ob4,upps_pe_1,ffmq_nj3,upps_ss_5,ffmq_nj1,upps_pm_5,ffmq_nj2,ffmq_nr5,ffmq_nr4,ffmq_ds2,ffmq_ds3,upps_ur_3,ffmq_nr6,ffmq_nr3,upps_pm_4,upps_ur_4,ffmq_aa4,ffmq_aa1,upps_pm_2,ffmq_nr1,upps_pm_3,ffmq_aa2,upps_ss_1,upps_pe_4,upps_ur_1,upps_pe_2,upps_pe_3
0,4.440892098500626e-16,3.5289549060735226e-12,3.4032177720355605e-07,3.800292748268319e-07,0.0003751172300139327,0.002649643836873161,0.09377566438322937,0.15111645336048363,0.2465097961360888,0.17933627278706266,0.4087971284477123,0.054491498170907815,0.24755391185493747,0.35915395847760245,0.44086033202490715,0.4467234850355025,0.8028867378386216,0.8469079544265997,0.5636136208028337,0.6880175243811257,0.9776635996986336,0.7354325001490913,0.7170954899483937,0.759437441951747,0.6617156479001719,0.7402194247812387,0.8922379461409371,0.728930424128587,0.6701747162715291,0.8887142267941216,0.9132969919367376,0.7522717936387981,0.8213820842958303,0.9037353241798035,0.8647720952156912,0.818125483124135,0.9050914716231672,0.7749205873814374,0.8702925393657601,0.841595926687994,0.8155839970961063,0.7263633227775536,0.9474211498848605,0.7562801516313404,0.8881208799040031,0.8166105461985058,0.8411334622689912,0.863731187156352,0.8118637549956225,0.9194618328712366
